<?xml version="1.0"?>

<ruleset name="regress-dogfood"
	xmlns="http://pmd.sourceforge.net/ruleset/2.0.0"
	xmlns:xsi="http://www.w3.org/2001/XMLSchema-instance"
	xsi:schemaLocation="http://pmd.sourceforge.net/ruleset/2.0.0 http://pmd.sourceforge.net/ruleset_2_0_0.xsd">
	<description>Rules to check PMD itself.</description>

	<exclude-pattern>.*/xml/.*.java</exclude-pattern>

	<rule ref="rulesets/java/junit.xml">
    	<exclude name="JUnitAssertionsShouldIncludeMessage"/>
    	<exclude name="JUnitTestsShouldIncludeAssert"/>
    	<exclude name="UseAssertTrueInsteadOfAssertEquals"/>
    	<exclude name="JUnitTestContainsTooManyAsserts"/>
	</rule>

</ruleset>
